{"cameraMode":{"drawMode":0,"name":"Shaded","section":"Shading Mode"},"sceneLighting":false,"audioPlay":false,"sceneViewState":{"m_AlwaysRefresh":false,"showFog":true,"showSkybox":false,"showFlares":true,"showImageEffects":true,"showParticleSystems":true,"showVisualEffectGraphs":true,"m_FxEnabled":true},"in2DMode":false,"pivot":{"x":1.4541093111038209,"y":0.9225898385047913,"z":-0.5959619283676148},"rotation":{"x":0.06928969919681549,"y":-0.4630238711833954,"z":0.036315809935331348,"w":0.8829047083854675},"size":0.936328113079071,"orthographic":false}