{"cameraMode":{"drawMode":0,"name":"Shaded","section":"Shading Mode"},"sceneLighting":true,"audioPlay":false,"sceneViewState":{"m_AlwaysRefresh":false,"showFog":true,"showSkybox":true,"showFlares":true,"showImageEffects":true,"showParticleSystems":true,"showVisualEffectGraphs":true,"m_FxEnabled":true},"in2DMode":false,"pivot":{"x":8.196475982666016,"y":4.938531875610352,"z":7.633097171783447},"rotation":{"x":0.1795896291732788,"y":0.01773623749613762,"z":-0.003148093353956938,"w":0.9836061000823975},"size":3.9634997844696047,"orthographic":false}