{"cameraMode":{"drawMode":0,"name":"Shaded","section":"Shading Mode"},"sceneLighting":true,"audioPlay":false,"sceneViewState":{"m_AlwaysRefresh":false,"showFog":true,"showSkybox":true,"showFlares":true,"showImageEffects":true,"showParticleSystems":true,"showVisualEffectGraphs":true,"m_FxEnabled":true},"in2DMode":false,"pivot":{"x":36.780338287353519,"y":2.591932773590088,"z":28.648361206054689},"rotation":{"x":-0.04104853421449661,"y":-0.0413789264857769,"z":0.0016282531432807446,"w":-0.9983507394790649},"size":1.563500165939331,"orthographic":false}